{
    "latitude1": 29.548411,
    "longitude1": 34.974032,
    "latitude2": 29.540247,
    "longitude2": 34.952230
}